what,kind,bundleId,bundleVersion,description,time
started,bundle,org.eclipse.jface,3.6.0.I20100601-0800,"org.eclipse.jface",1337411224615
started,bundle,org.eclipse.jsch.core,1.1.200.I20100505-1245,"org.eclipse.jsch.core",1337411224616
started,bundle,org.eclipse.ltk.core.refactoring,3.5.100.v20100526-0800,"org.eclipse.ltk.core.refactoring",1337411224617
started,bundle,org.eclipse.mylyn.bugzilla.core,3.4.0.v20100608-0100-e3x,"org.eclipse.mylyn.bugzilla.core",1337411224618
started,bundle,org.eclipse.mylyn.bugzilla.ui,3.4.0.v20100608-0100-e3x,"org.eclipse.mylyn.bugzilla.ui",1337411224619
started,bundle,org.eclipse.mylyn.commons.net,3.4.0.v20100608-0100-e3x,"org.eclipse.mylyn.commons.net",1337411224619
started,bundle,org.eclipse.mylyn.commons.ui,3.4.0.v20100608-0100-e3x,"org.eclipse.mylyn.commons.ui",1337411224620
started,bundle,org.eclipse.mylyn.context.core,3.4.0.v20100608-0100-e3x,"org.eclipse.mylyn.context.core",1337411224621
started,bundle,org.eclipse.mylyn.context.ui,3.4.0.v20100608-0100-e3x,"org.eclipse.mylyn.context.ui",1337411224622
started,bundle,org.eclipse.mylyn.monitor.ui,3.4.0.v20100608-0100-e3x,"org.eclipse.mylyn.monitor.ui",1337411224623
started,bundle,org.eclipse.mylyn.tasks.ui,3.4.0.v20100608-0100-e3x,"org.eclipse.mylyn.tasks.ui",1337411224624
started,bundle,org.eclipse.mylyn.team.ui,3.4.0.v20100608-0100-e3x,"org.eclipse.mylyn.team.ui",1337411224625
started,bundle,org.eclipse.php.core,2.2.0.v20100616-1900,"org.eclipse.php.core",1337411224625
started,bundle,org.eclipse.php.debug.core,2.2.0.v20100616-1900,"org.eclipse.php.debug.core",1337411224626
started,bundle,org.eclipse.php.debug.daemon,2.2.0.v20100616-1900,"org.eclipse.php.debug.daemon",1337411224627
started,bundle,org.eclipse.php.debug.ui,2.2.0.v20100616-1900,"org.eclipse.php.debug.ui",1337411224627
started,bundle,org.eclipse.php.server.core,2.2.0.v20100616-1900,"org.eclipse.php.server.core",1337411224628
started,bundle,org.eclipse.php.ui,2.2.0.v20100616-1900,"org.eclipse.php.ui",1337411224629
started,bundle,org.eclipse.rse.core,3.1.100.v201003151933,"org.eclipse.rse.core",1337411224630
started,bundle,org.eclipse.rse.services,3.2.0.v201006041352,"org.eclipse.rse.services",1337411224634
started,bundle,org.eclipse.rse.ui,3.1.100.v201005282245,"org.eclipse.rse.ui",1337411224635
started,bundle,org.eclipse.team.core,3.5.100.I20100527-0800,"org.eclipse.team.core",1337411224636
started,bundle,org.eclipse.team.cvs.core,3.3.300.I20100526-0800,"org.eclipse.team.cvs.core",1337411224637
started,bundle,org.eclipse.team.cvs.ui,3.3.300.I20100526-0800,"org.eclipse.team.cvs.ui",1337411224638
started,bundle,org.eclipse.team.ui,3.5.100.I20100527-0800,"org.eclipse.team.ui",1337411224638
started,bundle,org.eclipse.ui,3.6.0.I20100603-1100,"org.eclipse.ui",1337411224640
started,bundle,org.eclipse.ui.console,3.5.0.v20100526,"org.eclipse.ui.console",1337411224640
started,bundle,org.eclipse.ui.editors,3.6.0.v20100520-0800,"org.eclipse.ui.editors",1337411224641
started,bundle,org.eclipse.ui.forms,3.5.0.v20100427,"org.eclipse.ui.forms",1337411224642
started,bundle,org.eclipse.ui.ide,3.6.0.I20100601-0800,"org.eclipse.ui.ide",1337411224643
started,bundle,org.eclipse.ui.net,1.2.100.I20100505-1245,"org.eclipse.ui.net",1337411224643
started,bundle,org.eclipse.ui.views,3.5.0.I20100527-0800,"org.eclipse.ui.views",1337411224644
started,bundle,org.eclipse.ui.workbench,3.6.0.I20100603-1100,"org.eclipse.ui.workbench",1337411224645
started,bundle,org.eclipse.ui.workbench.texteditor,3.6.0.v20100520-0800,"org.eclipse.ui.workbench.texteditor",1337411224646
started,bundle,org.eclipse.update.configurator,3.3.100.v20100512,"org.eclipse.update.configurator",1337411224646
started,bundle,org.eclipse.update.core,3.2.400.v20100512,"org.eclipse.update.core",1337411224648
started,bundle,org.eclipse.update.scheduler,3.2.300.v20100512,"org.eclipse.update.scheduler",1337411224648
started,bundle,org.eclipse.wst.jsdt.core,1.1.0.v201006030738,"org.eclipse.wst.jsdt.core",1337411224650
started,bundle,org.eclipse.wst.jsdt.manipulation,1.0.200.v201004150600,"org.eclipse.wst.jsdt.manipulation",1337411224650
started,bundle,org.eclipse.wst.jsdt.ui,1.1.0.v201005200157,"org.eclipse.wst.jsdt.ui",1337411224654
started,bundle,org.eclipse.wst.sse.core,1.1.500.v201006020308,"org.eclipse.wst.sse.core",1337411224655
started,bundle,org.eclipse.wst.sse.ui,1.2.0.v201006030742,"org.eclipse.wst.sse.ui",1337411224656
os,sysinfo,,,"win32",1337411224659
arch,sysinfo,,,"x86",1337411224659
ws,sysinfo,,,"win32",1337411224659
locale,sysinfo,,,"zh_TW",1337411224659
processors,sysinfo,,,"8",1337411224659
java.runtime.name,sysinfo,,,"Java(TM) SE Runtime Environment",1337411224659
java.runtime.version,sysinfo,,,"1.6.0_10-rc-b28",1337411224659
java.specification.name,sysinfo,,,"Java Platform API Specification",1337411224659
java.specification.vendor,sysinfo,,,"Sun Microsystems Inc.",1337411224659
java.specification.version,sysinfo,,,"1.6",1337411224659
java.vendor,sysinfo,,,"Sun Microsystems Inc.",1337411224659
java.version,sysinfo,,,"1.6.0_10-rc",1337411224659
java.vm.info,sysinfo,,,"mixed mode",1337411224659
java.vm.name,sysinfo,,,"Java HotSpot(TM) Client VM",1337411224659
java.vm.specification.name,sysinfo,,,"Java Virtual Machine Specification",1337411224659
java.vm.specification.vendor,sysinfo,,,"Sun Microsystems Inc.",1337411224659
java.vm.specification.version,sysinfo,,,"1.0",1337411224659
java.vm.vendor,sysinfo,,,"Sun Microsystems Inc.",1337411224659
java.vm.version,sysinfo,,,"11.0-b15",1337411224659
started,bundle,org.eclipse.wst.css.core,1.1.400.v201005261534,"org.eclipse.wst.css.core",1337411225596
started,bundle,org.eclipse.wst.xml.core,1.1.500.v201005271618,"org.eclipse.wst.xml.core",1337411225601
started,bundle,org.eclipse.wst.html.core,1.1.400.v201005261534,"org.eclipse.wst.html.core",1337411225604
opened,view,org.eclipse.ui.ide,3.6.0.I20100601-0800,"org.eclipse.ui.views.ProblemView",1337411233942
opened,view,org.eclipse.ui.views,3.5.0.I20100527-0800,"org.eclipse.ui.views.ContentOutline",1337411234002
activated,view,org.eclipse.ui.ide,3.6.0.I20100601-0800,"org.eclipse.ui.views.ProblemView",1337411234100
closed,view,org.eclipse.php.ui,2.2.0.v20100616-1900,"org.eclipse.php.ui.explorer",1337411234117
deactivated,workbench,org.eclipse.ui.workbench,3.6.0.I20100603-1100,"",1337411240691
activated,workbench,org.eclipse.ui.workbench,3.6.0.I20100603-1100,"",1337411254704
started,bundle,org.eclipse.wst.xml.ui,1.1.100.v201006030742,"org.eclipse.wst.xml.ui",1337411254861
started,bundle,org.eclipse.wst.html.ui,1.0.500.v201006030742,"org.eclipse.wst.html.ui",1337411254861
started,bundle,org.eclipse.wst.common.uriresolver,1.1.401.v201004280700,"org.eclipse.wst.common.uriresolver",1337411255338
started,bundle,org.eclipse.wst.jsdt.web.ui,1.0.300.v201006030742,"org.eclipse.wst.jsdt.web.ui",1337411255448
started,bundle,org.eclipse.wst.jsdt.web.core,1.0.300.v201004150625,"org.eclipse.wst.jsdt.web.core",1337411255462
started,bundle,org.eclipse.wst.css.ui,1.0.500.v201004290328,"org.eclipse.wst.css.ui",1337411255964
started,bundle,org.eclipse.search,3.6.0.v20100520-0800,"org.eclipse.search",1337411256233
started,bundle,org.eclipse.wst.dtd.ui,1.0.500.v201004290328,"org.eclipse.wst.dtd.ui",1337411256290
started,bundle,org.eclipse.emf.common,2.6.0.v20100614-1136,"org.eclipse.emf.common",1337411256348
started,bundle,org.eclipse.compare.core,3.5.100.I20100526-0800,"org.eclipse.compare.core",1337411256386
opened,editor,org.eclipse.php.ui,2.2.0.v20100616-1900,"org.eclipse.php.editor",1337411256524
activated,editor,org.eclipse.php.ui,2.2.0.v20100616-1900,"org.eclipse.php.editor",1337411256741
executed,command,org.eclipse.ui.ide,3.6.0.I20100601-0800,"org.eclipse.ui.edit.text.openLocalFile",1337411256764
started,bundle,org.eclipse.wst.common.frameworks,1.2.0.v201003040800,"org.eclipse.wst.common.frameworks",1337411257311
started,bundle,org.eclipse.emf.ecore,2.6.0.v20100614-1136,"org.eclipse.emf.ecore",1337411257338
started,bundle,org.eclipse.wst.common.emf,1.2.0.v201005200700,"org.eclipse.wst.common.emf",1337411257346
started,bundle,org.eclipse.wst.validation,1.2.200.v201005271900,"org.eclipse.wst.validation",1337411257355
started,bundle,org.eclipse.jem.util,2.1.0.v201005130500,"org.eclipse.jem.util",1337411257358
started,bundle,org.eclipse.emf.ecore.xmi,2.5.0.v20100521-1846,"org.eclipse.emf.ecore.xmi",1337411257362
started,bundle,org.eclipse.wst.common.emfworkbench.integration,1.2.0.v201004110600,"org.eclipse.wst.common.emfworkbench.integration",1337411257363
started,bundle,org.eclipse.wst.common.project.facet.core,1.4.100.v201005190114,"org.eclipse.wst.common.project.facet.core",1337411257369
started,bundle,org.eclipse.wst.common.core,1.2.0.v200908252030,"org.eclipse.wst.common.core",1337411257591
started,bundle,org.eclipse.wst.common.modulecore,1.2.0.v201005200200,"org.eclipse.wst.common.modulecore",1337411257592
started,bundle,org.eclipse.wst.xsl.core,1.1.0.v201004290328,"org.eclipse.wst.xsl.core",1337411257596
started,bundle,org.eclipse.wst.xsl.exslt.core,1.0.0.v201005240426,"org.eclipse.wst.xsl.exslt.core",1337411257597
started,bundle,org.eclipse.wst.dtd.core,1.1.400.v201004290328,"org.eclipse.wst.dtd.core",1337411257706
started,bundle,org.eclipse.wst.internet.cache,1.0.400.v201004280700,"org.eclipse.wst.internet.cache",1337411257835
started,bundle,org.eclipse.wst.server.core,1.1.202.v20100518,"org.eclipse.wst.server.core",1337411268675
started,bundle,org.eclipse.wst.server.ui,1.1.203.v20100601,"org.eclipse.wst.server.ui",1337411268684
started,bundle,org.eclipse.jdt.core,3.6.0.v_A58,"org.eclipse.jdt.core",1337411268831
started,bundle,org.eclipse.jdt.debug,3.6.0.v20100526,"org.eclipse.jdt.debug",1337411268869
started,bundle,org.eclipse.jdt.launching,3.5.100.v20100526,"org.eclipse.jdt.launching",1337411268882
started,bundle,org.eclipse.jdt.core.manipulation,1.3.0.v20100520-0800,"org.eclipse.jdt.core.manipulation",1337411269086
started,bundle,org.eclipse.jdt.ui,3.6.0.v20100602-1600,"org.eclipse.jdt.ui",1337411269099
started,bundle,org.eclipse.jdt.debug.ui,3.5.0.v20100602-0830,"org.eclipse.jdt.debug.ui",1337411269118
started,bundle,org.eclipse.php.server.ui,2.2.0.v20100616-1900,"org.eclipse.php.server.ui",1337411269134
deactivated,workbench,org.eclipse.ui.workbench,3.6.0.I20100603-1100,"",1337411269443
activated,workbench,org.eclipse.ui.workbench,3.6.0.I20100603-1100,"",1337411273785
deactivated,workbench,org.eclipse.ui.workbench,3.6.0.I20100603-1100,"",1337411275232
activated,workbench,org.eclipse.ui.workbench,3.6.0.I20100603-1100,"",1337411291154
deactivated,workbench,org.eclipse.ui.workbench,3.6.0.I20100603-1100,"",1337411291307
activated,workbench,org.eclipse.ui.workbench,3.6.0.I20100603-1100,"",1337411294488
deactivated,workbench,org.eclipse.ui.workbench,3.6.0.I20100603-1100,"",1337411296782
activated,workbench,org.eclipse.ui.workbench,3.6.0.I20100603-1100,"",1337411298257
deactivated,workbench,org.eclipse.ui.workbench,3.6.0.I20100603-1100,"",1337411312079
activated,workbench,org.eclipse.ui.workbench,3.6.0.I20100603-1100,"",1337411317830
deactivated,workbench,org.eclipse.ui.workbench,3.6.0.I20100603-1100,"",1337411317963
activated,workbench,org.eclipse.ui.workbench,3.6.0.I20100603-1100,"",1337411319871
executed,command,org.eclipse.php.debug.ui,2.2.0.v20100616-1900,"org.eclipse.php.deubg.ui.phpexeShortcut.run",1337411319890
deactivated,workbench,org.eclipse.ui.workbench,3.6.0.I20100603-1100,"",1337411404692
activated,workbench,org.eclipse.ui.workbench,3.6.0.I20100603-1100,"",1337411629027
activated,view,org.eclipse.ui.views,3.5.0.I20100527-0800,"org.eclipse.ui.views.ContentOutline",1337411632427
deactivated,workbench,org.eclipse.ui.workbench,3.6.0.I20100603-1100,"",1337411643113
activated,workbench,org.eclipse.ui.workbench,3.6.0.I20100603-1100,"",1337411647724
executed,command,org.eclipse.ui.ide,3.6.0.I20100601-0800,"org.eclipse.ui.project.cleanAction",1337411647736
activated,editor,org.eclipse.php.ui,2.2.0.v20100616-1900,"org.eclipse.php.editor",1337411648177
activated,view,org.eclipse.ui.ide,3.6.0.I20100601-0800,"org.eclipse.ui.views.ProblemView",1337411650222
activated,editor,org.eclipse.php.ui,2.2.0.v20100616-1900,"org.eclipse.php.editor",1337411651711
executed,command,org.eclipse.ui,3.6.0.I20100603-1100,"org.eclipse.ui.perspectives.showPerspective",1337411656085
executed,command,org.eclipse.php.ui,2.2.0.v20100616-1900,"org.eclipse.php.perspective",1337411656085
deactivated,workbench,org.eclipse.ui.workbench,3.6.0.I20100603-1100,"",1337411665885
activated,workbench,org.eclipse.ui.workbench,3.6.0.I20100603-1100,"",1337411673655
deactivated,workbench,org.eclipse.ui.workbench,3.6.0.I20100603-1100,"",1337411682908
activated,workbench,org.eclipse.ui.workbench,3.6.0.I20100603-1100,"",1337411686286
executed,command,org.eclipse.mylyn.tasks.ui,3.4.0.v20100608-0100-e3x,"org.eclipse.mylyn.tasks.ui.command.openTask",1337411686302
deactivated,workbench,org.eclipse.ui.workbench,3.6.0.I20100603-1100,"",1337411688318
activated,workbench,org.eclipse.ui.workbench,3.6.0.I20100603-1100,"",1337411691747
executed,command,org.eclipse.ui.ide,3.6.0.I20100601-0800,"org.eclipse.ui.edit.text.openLocalFile",1337411691789
deactivated,workbench,org.eclipse.ui.workbench,3.6.0.I20100603-1100,"",1337411699819
activated,workbench,org.eclipse.ui.workbench,3.6.0.I20100603-1100,"",1337411701449
closed,workbench,org.eclipse.ui.workbench,3.6.0.I20100603-1100,"",1337411701581
stopped,bundle,org.eclipse.compare.win32,1.0.100.I20100505-1245,"org.eclipse.compare.win32",1337411701991
stopped,bundle,org.eclipse.dltk.testing,1.0.0.v20090914-1703,"org.eclipse.dltk.testing",1337411701992
stopped,bundle,org.eclipse.php.server.ui,2.2.0.v20100616-1900,"org.eclipse.php.server.ui",1337411701992
stopped,bundle,org.eclipse.php.debug.ui,2.2.0.v20100616-1900,"org.eclipse.php.debug.ui",1337411701992
stopped,bundle,org.eclipse.dltk.debug.ui,2.0.0.v20100115-2213,"org.eclipse.dltk.debug.ui",1337411701993
stopped,bundle,org.eclipse.dltk.formatter,2.0.0.v20100304-1959,"org.eclipse.dltk.formatter",1337411701994
stopped,bundle,org.eclipse.dltk.rse.ui,2.0.0.v20100115-2213,"org.eclipse.dltk.rse.ui",1337411701994
stopped,bundle,org.eclipse.dltk.validators.externalchecker,1.0.0.v20090803-1754,"org.eclipse.dltk.validators.externalchecker",1337411701995
stopped,bundle,org.eclipse.dltk.validators.ui,2.0.0.v20091214-1712,"org.eclipse.dltk.validators.ui",1337411701996
stopped,bundle,org.eclipse.php.debug.core,2.2.0.v20100616-1900,"org.eclipse.php.debug.core",1337411701996
stopped,bundle,org.eclipse.php.ui,2.2.0.v20100616-1900,"org.eclipse.php.ui",1337411701996
stopped,bundle,org.eclipse.dltk.ui,2.0.0.v20100603-0936,"org.eclipse.dltk.ui",1337411702006
stopped,bundle,org.eclipse.equinox.p2.ui.sdk,1.0.100.v20100513,"org.eclipse.equinox.p2.ui.sdk",1337411702008
stopped,bundle,org.eclipse.wst.xsl.jaxp.debug.ui,1.0.100.v201004290328,"org.eclipse.wst.xsl.jaxp.debug.ui",1337411702008
stopped,bundle,org.eclipse.jdt.debug.ui,3.5.0.v20100602-0830,"org.eclipse.jdt.debug.ui",1337411702012
stopped,bundle,org.eclipse.jdt.ui,3.6.0.v20100602-1600,"org.eclipse.jdt.ui",1337411702107
stopped,bundle,org.eclipse.rse.importexport,1.2.100.v201003010830,"org.eclipse.rse.importexport",1337411702108
stopped,bundle,org.eclipse.rse.shells.ui,3.0.200.v201006041352,"org.eclipse.rse.shells.ui",1337411702109
stopped,bundle,org.eclipse.rse.files.ui,3.1.100.v201005221100,"org.eclipse.rse.files.ui",1337411702110
stopped,bundle,org.eclipse.rse.processes.ui,3.0.200.v201003010830,"org.eclipse.rse.processes.ui",1337411702111
stopped,bundle,org.eclipse.wst.dtd.ui,1.0.500.v201004290328,"org.eclipse.wst.dtd.ui",1337411702112
stopped,bundle,org.eclipse.wst.jsdt.web.ui,1.0.300.v201006030742,"org.eclipse.wst.jsdt.web.ui",1337411702112
stopped,bundle,org.eclipse.wst.web.ui,1.1.400.v201004141630,"org.eclipse.wst.web.ui",1337411702113
stopped,bundle,org.eclipse.wst.html.ui,1.0.500.v201006030742,"org.eclipse.wst.html.ui",1337411702113
stopped,bundle,org.eclipse.wst.css.ui,1.0.500.v201004290328,"org.eclipse.wst.css.ui",1337411702113
stopped,bundle,org.eclipse.wst.xsl.exslt.ui,1.0.0.v201006012005,"org.eclipse.wst.xsl.exslt.ui",1337411702114
stopped,bundle,org.eclipse.wst.xsl.ui,1.1.0.v201004290328,"org.eclipse.wst.xsl.ui",1337411702115
stopped,bundle,org.eclipse.wst.xml.xpath.ui,1.1.0.v201004290328,"org.eclipse.wst.xml.xpath.ui",1337411702123
stopped,bundle,org.eclipse.wst.xsd.ui,1.2.303.v201004290328,"org.eclipse.wst.xsd.ui",1337411702127
stopped,bundle,org.eclipse.wst.xsl.debug.ui,1.0.100.v201004290328,"org.eclipse.wst.xsl.debug.ui",1337411702128
stopped,bundle,org.eclipse.wst.xml.ui,1.1.100.v201006030742,"org.eclipse.wst.xml.ui",1337411702128
stopped,bundle,org.eclipse.wst.common.ui,1.1.500.v200911190730,"org.eclipse.wst.common.ui",1337411702129
stopped,bundle,org.eclipse.wst.jsdt.debug.ui,1.0.0.v201005250108,"org.eclipse.wst.jsdt.debug.ui",1337411702131
stopped,bundle,org.eclipse.wst.jsdt.support.firefox,1.0.300.v201004150600,"org.eclipse.wst.jsdt.support.firefox",1337411702132
stopped,bundle,org.eclipse.wst.jsdt.ui,1.1.0.v201005200157,"org.eclipse.wst.jsdt.ui",1337411702132
stopped,bundle,org.eclipse.wst.sse.ui,1.2.0.v201006030742,"org.eclipse.wst.sse.ui",1337411702165
stopped,bundle,org.eclipse.search,3.6.0.v20100520-0800,"org.eclipse.search",1337411702170
stopped,bundle,org.eclipse.mylyn.team.ui,3.4.0.v20100608-0100-e3x,"org.eclipse.mylyn.team.ui",1337411702170
stopped,bundle,org.eclipse.ui.navigator.resources,3.4.200.I20100601-0800,"org.eclipse.ui.navigator.resources",1337411702171
stopped,bundle,org.eclipse.ltk.ui.refactoring,3.5.0.v20100526-0800,"org.eclipse.ltk.ui.refactoring",1337411702172
stopped,bundle,org.eclipse.mylyn.bugzilla.ui,3.4.0.v20100608-0100-e3x,"org.eclipse.mylyn.bugzilla.ui",1337411702172
stopped,bundle,org.eclipse.mylyn.ide.ui,3.4.0.v20100608-0100-e3x,"org.eclipse.mylyn.ide.ui",1337411702173
stopped,bundle,org.eclipse.mylyn.resources.ui,3.4.0.v20100608-0100-e3x,"org.eclipse.mylyn.resources.ui",1337411702174
stopped,bundle,org.eclipse.mylyn.wikitext.tasks.ui,1.3.0.v20100608-0100-e3x,"org.eclipse.mylyn.wikitext.tasks.ui",1337411702174
stopped,bundle,org.eclipse.mylyn.context.ui,3.4.0.v20100608-0100-e3x,"org.eclipse.mylyn.context.ui",1337411702174
stopped,bundle,org.eclipse.mylyn.help.ui,3.4.0.v20100608-0100-e3x,"org.eclipse.mylyn.help.ui",1337411702175
stopped,bundle,org.eclipse.mylyn.tasks.bugs,3.4.0.v20100608-0100-e3x,"org.eclipse.mylyn.tasks.bugs",1337411702176
stopped,bundle,org.eclipse.mylyn.tasks.ui,3.4.0.v20100608-0100-e3x,"org.eclipse.mylyn.tasks.ui",1337411702177
stopped,bundle,org.eclipse.team.cvs.ui,3.3.300.I20100526-0800,"org.eclipse.team.cvs.ui",1337411702177
stopped,bundle,org.eclipse.team.ui,3.5.100.I20100527-0800,"org.eclipse.team.ui",1337411702177
stopped,bundle,org.eclipse.compare,3.5.100.I20100526-0800,"org.eclipse.compare",1337411702179
stopped,bundle,org.eclipse.dltk.console.ui,2.0.0.v20091203-1154,"org.eclipse.dltk.console.ui",1337411702180
stopped,bundle,org.eclipse.ui.externaltools,3.2.0.v20100427,"org.eclipse.ui.externaltools",1337411702180
stopped,bundle,org.eclipse.wst.server.ui,1.1.203.v20100601,"org.eclipse.wst.server.ui",1337411702180
stopped,bundle,org.eclipse.debug.ui,3.6.0.v20100601-1530,"org.eclipse.debug.ui",1337411702188
activated,perspective,org.eclipse.php.ui,,"org.eclipse.php.perspective",1337411751878
started,bundle,org.eclipse.osgi,3.6.0.v20100517,"org.eclipse.osgi",1337411751879
started,bundle,org.eclipse.equinox.simpleconfigurator,1.0.200.v20100503,"org.eclipse.equinox.simpleconfigurator",1337411751880
started,bundle,com.ibm.icu,4.2.1.v20100412,"com.ibm.icu",1337411751880
started,bundle,org.eclipse.compare.core,3.5.100.I20100526-0800,"org.eclipse.compare.core",1337411751881
started,bundle,org.eclipse.core.contenttype,3.4.100.v20100505-1235,"org.eclipse.core.contenttype",1337411751882
started,bundle,org.eclipse.core.databinding.observable,1.3.0.I20100601-0800,"org.eclipse.core.databinding.observable",1337411751882
started,bundle,org.eclipse.core.expressions,3.4.200.v20100505,"org.eclipse.core.expressions",1337411751883
started,bundle,org.eclipse.core.filebuffers,3.5.100.v20100520-0800,"org.eclipse.core.filebuffers",1337411751884
started,bundle,org.eclipse.core.filesystem,1.3.0.v20100526-0737,"org.eclipse.core.filesystem",1337411751885
started,bundle,org.eclipse.core.jobs,3.5.0.v20100515,"org.eclipse.core.jobs",1337411751885
started,bundle,org.eclipse.core.net,1.2.100.I20100511-0800,"org.eclipse.core.net",1337411751886
started,bundle,org.eclipse.core.resources,3.6.0.v20100526-0737,"org.eclipse.core.resources",1337411751887
started,bundle,org.eclipse.core.runtime,3.6.0.v20100505,"org.eclipse.core.runtime",1337411751887
started,bundle,org.eclipse.core.runtime.compatibility,3.2.100.v20100505,"org.eclipse.core.runtime.compatibility",1337411751888
started,bundle,org.eclipse.core.runtime.compatibility.auth,3.2.200.v20100517,"org.eclipse.core.runtime.compatibility.auth",1337411751889
started,bundle,org.eclipse.debug.core,3.6.0.v20100519,"org.eclipse.debug.core",1337411751889
started,bundle,org.eclipse.debug.ui,3.6.0.v20100601-1530,"org.eclipse.debug.ui",1337411751895
started,bundle,org.eclipse.dltk.core,2.0.0.v20100603-0936,"org.eclipse.dltk.core",1337411751896
started,bundle,org.eclipse.dltk.core.index.sql,2.0.0.v20100616-2015,"org.eclipse.dltk.core.index.sql",1337411751896
started,bundle,org.eclipse.dltk.core.index.sql.h2,2.0.0.v20100616-2015,"org.eclipse.dltk.core.index.sql.h2",1337411751897
started,bundle,org.eclipse.dltk.launching,2.0.0.v20100524-0038,"org.eclipse.dltk.launching",1337411751898
started,bundle,org.eclipse.dltk.ui,2.0.0.v20100603-0936,"org.eclipse.dltk.ui",1337411751899
started,bundle,org.eclipse.emf.common,2.6.0.v20100614-1136,"org.eclipse.emf.common",1337411751900
started,bundle,org.eclipse.emf.ecore,2.6.0.v20100614-1136,"org.eclipse.emf.ecore",1337411751901
started,bundle,org.eclipse.emf.ecore.xmi,2.5.0.v20100521-1846,"org.eclipse.emf.ecore.xmi",1337411751902
started,bundle,org.eclipse.epp.usagedata.gathering,1.3.0.R201005261100,"org.eclipse.epp.usagedata.gathering",1337411751902
started,bundle,org.eclipse.epp.usagedata.recording,1.3.0.R201005261100,"org.eclipse.epp.usagedata.recording",1337411751903
started,bundle,org.eclipse.equinox.app,1.3.0.v20100512,"org.eclipse.equinox.app",1337411751903
started,bundle,org.eclipse.equinox.common,3.6.0.v20100503,"org.eclipse.equinox.common",1337411751904
started,bundle,org.eclipse.equinox.ds,1.2.0.v20100507,"org.eclipse.equinox.ds",1337411751904
started,bundle,org.eclipse.equinox.event,1.2.0.v20100503,"org.eclipse.equinox.event",1337411751905
started,bundle,org.eclipse.equinox.p2.core,2.0.0.v20100510,"org.eclipse.equinox.p2.core",1337411751905
started,bundle,org.eclipse.equinox.p2.directorywatcher,1.0.200.v20100601,"org.eclipse.equinox.p2.directorywatcher",1337411751906
started,bundle,org.eclipse.equinox.p2.engine,2.0.0.v20100606,"org.eclipse.equinox.p2.engine",1337411751907
started,bundle,org.eclipse.equinox.p2.metadata,2.0.0.v20100601,"org.eclipse.equinox.p2.metadata",1337411751907
started,bundle,org.eclipse.equinox.p2.metadata.repository,1.1.0.v20100513,"org.eclipse.equinox.p2.metadata.repository",1337411751908
started,bundle,org.eclipse.equinox.p2.operations,2.0.0.v20100510,"org.eclipse.equinox.p2.operations",1337411751908
started,bundle,org.eclipse.equinox.p2.reconciler.dropins,1.1.0.v20100525,"org.eclipse.equinox.p2.reconciler.dropins",1337411751909
started,bundle,org.eclipse.equinox.p2.repository,2.0.0.v20100519,"org.eclipse.equinox.p2.repository",1337411751910
started,bundle,org.eclipse.equinox.p2.ui.sdk.scheduler,1.0.0.v20100507-1815,"org.eclipse.equinox.p2.ui.sdk.scheduler",1337411751910
started,bundle,org.eclipse.equinox.p2.updatechecker,1.1.100.v20100503a,"org.eclipse.equinox.p2.updatechecker",1337411751911
started,bundle,org.eclipse.equinox.preferences,3.3.0.v20100503,"org.eclipse.equinox.preferences",1337411751912
started,bundle,org.eclipse.equinox.registry,3.5.0.v20100503,"org.eclipse.equinox.registry",1337411751912
started,bundle,org.eclipse.equinox.security,1.0.200.v20100503,"org.eclipse.equinox.security",1337411751913
started,bundle,org.eclipse.equinox.util,1.0.200.v20100503,"org.eclipse.equinox.util",1337411751914
started,bundle,org.eclipse.help,3.5.0.v20100524,"org.eclipse.help",1337411751915
started,bundle,org.eclipse.jem.util,2.1.0.v201005130500,"org.eclipse.jem.util",1337411751915
started,bundle,org.eclipse.jface,3.6.0.I20100601-0800,"org.eclipse.jface",1337411751916
started,bundle,org.eclipse.jsch.core,1.1.200.I20100505-1245,"org.eclipse.jsch.core",1337411751916
started,bundle,org.eclipse.mylyn.bugzilla.core,3.4.0.v20100608-0100-e3x,"org.eclipse.mylyn.bugzilla.core",1337411751917
started,bundle,org.eclipse.mylyn.bugzilla.ui,3.4.0.v20100608-0100-e3x,"org.eclipse.mylyn.bugzilla.ui",1337411751918
started,bundle,org.eclipse.mylyn.commons.net,3.4.0.v20100608-0100-e3x,"org.eclipse.mylyn.commons.net",1337411751918
started,bundle,org.eclipse.mylyn.commons.ui,3.4.0.v20100608-0100-e3x,"org.eclipse.mylyn.commons.ui",1337411751921
started,bundle,org.eclipse.mylyn.context.core,3.4.0.v20100608-0100-e3x,"org.eclipse.mylyn.context.core",1337411751922
started,bundle,org.eclipse.mylyn.context.ui,3.4.0.v20100608-0100-e3x,"org.eclipse.mylyn.context.ui",1337411751922
started,bundle,org.eclipse.mylyn.monitor.ui,3.4.0.v20100608-0100-e3x,"org.eclipse.mylyn.monitor.ui",1337411751923
started,bundle,org.eclipse.mylyn.tasks.ui,3.4.0.v20100608-0100-e3x,"org.eclipse.mylyn.tasks.ui",1337411751923
started,bundle,org.eclipse.mylyn.team.ui,3.4.0.v20100608-0100-e3x,"org.eclipse.mylyn.team.ui",1337411751924
started,bundle,org.eclipse.php.core,2.2.0.v20100616-1900,"org.eclipse.php.core",1337411751925
started,bundle,org.eclipse.php.debug.core,2.2.0.v20100616-1900,"org.eclipse.php.debug.core",1337411751925
started,bundle,org.eclipse.php.debug.daemon,2.2.0.v20100616-1900,"org.eclipse.php.debug.daemon",1337411751926
started,bundle,org.eclipse.php.debug.ui,2.2.0.v20100616-1900,"org.eclipse.php.debug.ui",1337411751926
started,bundle,org.eclipse.php.server.core,2.2.0.v20100616-1900,"org.eclipse.php.server.core",1337411751926
started,bundle,org.eclipse.php.ui,2.2.0.v20100616-1900,"org.eclipse.php.ui",1337411751926
started,bundle,org.eclipse.search,3.6.0.v20100520-0800,"org.eclipse.search",1337411751927
started,bundle,org.eclipse.team.core,3.5.100.I20100527-0800,"org.eclipse.team.core",1337411751927
started,bundle,org.eclipse.team.cvs.core,3.3.300.I20100526-0800,"org.eclipse.team.cvs.core",1337411751928
started,bundle,org.eclipse.team.cvs.ui,3.3.300.I20100526-0800,"org.eclipse.team.cvs.ui",1337411751929
started,bundle,org.eclipse.team.ui,3.5.100.I20100527-0800,"org.eclipse.team.ui",1337411751930
started,bundle,org.eclipse.ui,3.6.0.I20100603-1100,"org.eclipse.ui",1337411751931
started,bundle,org.eclipse.ui.console,3.5.0.v20100526,"org.eclipse.ui.console",1337411751932
started,bundle,org.eclipse.ui.editors,3.6.0.v20100520-0800,"org.eclipse.ui.editors",1337411751932
started,bundle,org.eclipse.ui.forms,3.5.0.v20100427,"org.eclipse.ui.forms",1337411751932
started,bundle,org.eclipse.ui.ide,3.6.0.I20100601-0800,"org.eclipse.ui.ide",1337411751933
